postal_code,ciudad,provincia,pais
23001,Jaen,Jaén,ES
23002,Jaen,Jaén,ES
23003,Jaen,Jaén,ES
23004,Jaen,Jaén,ES
23005,Jaen,Jaén,ES
23006,Jaen,Jaén,ES
23007,Jaen,Jaén,ES
23008,Jaen,Jaén,ES
23009,Jaen,Jaén,ES
23070,Jaen,Jaén,ES
23071,Jaen,Jaén,ES
23080,Jaen,Jaén,ES
23100,Mancha Real,Jaén,ES
23110,Pegalajar,Jaén,ES
23120,Cambil,Jaén,ES
23130,Campillo De Arenas,Jaén,ES
23140,Noalejo,Jaén,ES
23150,Valdepeñas De Jaen,Jaén,ES
23159,Chircales,Jaén,ES
23160,Los Villares,Jaén,ES
23170,La Guardia De Jaen,Jaén,ES
23180,Fuerte Del Rey,Jaén,ES
23190,La Cerradura,Jaén,ES
23191,Carchel,Jaén,ES
23192,Carchelejo,Jaén,ES
23193,Arbuniel,Jaén,ES
23194,Jabalcuz,Jaén,ES
23196,Puente De La Sierra,Jaén,ES
23196,Puente Jontoya,Jaén,ES
23200,La Carolina,Jaén,ES
23210,Aldea De Los Rios,Jaén,ES
23210,Guarroman,Jaén,ES
23211,Acebuchal,Jaén,ES
23211,Carboneros,Jaén,ES
23212,Navas De Tolosa,Jaén,ES
23213,Miranda Del Rey,Jaén,ES
23213,Santa Elena,Jaén,ES
23214,El Centenillo,Jaén,ES
23214,La Fernandina,Jaén,ES
23214,La Isabela,Jaén,ES
23215,Aldeaquemada,Jaén,ES
23220,Vilches,Jaén,ES
23230,Arquillos,Jaén,ES
23239,El Porrosillo,Jaén,ES
23240,Navas De San Juan,Jaén,ES
23250,Santisteban Del Puerto,Jaén,ES
23260,Castellar,Jaén,ES
23264,Chiclana De Segura,Jaén,ES
23265,Venta De Los Santos,Jaén,ES
23266,Montizon,Jaén,ES
23267,Aldeahermosa De Montizon,Jaén,ES
23268,Los Mochuelos,Jaén,ES
23269,Camporredondo,Jaén,ES
23269,El Campillo,Jaén,ES
23269,La Porrosa,Jaén,ES
23270,Sorihuela De Guadalimar,Jaén,ES
23280,Beas De Segura,Jaén,ES
23289,Cañada Catena,Jaén,ES
23289,Cuevas De Ambrosio,Jaén,ES
23289,Prados De Armijo,Jaén,ES
23290,El Cerezo,Jaén,ES
23290,El Patronato,Jaén,ES
23290,La Matea,Jaén,ES
23290,Los Teatinos,Jaén,ES
23290,Santiago De La Espada,Jaén,ES
23291,Ponton Alto,Jaén,ES
23291,Pontones,Jaén,ES
23292,Cañada Morales,Jaén,ES
23292,Hornos De Segura,Jaén,ES
23293,Arroyo Frio (Segura De La Sierra),Jaén,ES
23293,Carrasco,Jaén,ES
23293,Catena Alto,Jaén,ES
23293,Cortijos Nuevos,Jaén,ES
23293,El Ojuelo,Jaén,ES
23293,Rihornos,Jaén,ES
23293,Robledo Cortijos Nuevos,Jaén,ES
23294,Las Juntas,Jaén,ES
23294,Los Anchos,Jaén,ES
23294,Tobos,Jaén,ES
23295,Rio Madera,Jaén,ES
23296,La Muela,Jaén,ES
23296,Marchena,Jaén,ES
23296,Miller,Jaén,ES
23296,Vites,Jaén,ES
23297,Casicas Del Rio Segura,Jaén,ES
23297,La Toba,Jaén,ES
23298,Peguera Del Madroño,Jaén,ES
23300,Arroturas,Jaén,ES
23300,Villacarrillo,Jaén,ES
23310,Batanejo,Jaén,ES
23310,Mogon,Jaén,ES
23311,Agrupacion Santo Tome,Jaén,ES
23311,Santo Tome,Jaén,ES
23312,Agrupacion De Mogon,Jaén,ES
23312,Caleruela,Jaén,ES
23313,"Veracruz, De (Poblado)",Jaén,ES
23314,Solana De Torralba,Jaén,ES
23315,La Herrera,Jaén,ES
23315,Puente Del Condado,Jaén,ES
23320,Torreperogil,Jaén,ES
23330,Villanueva Del Arzobispo,Jaén,ES
23338,Iznatoraf,Jaén,ES
23339,Gutar,Jaén,ES
23340,Arroyo Del Ojanco,Jaén,ES
23350,Puente Genave,Jaén,ES
23359,Peñolite,Jaén,ES
23360,La Puerta De Segura,Jaén,ES
23369,Agracea,Jaén,ES
23369,Bonache,Jaén,ES
23369,Los Pascuales,Jaén,ES
23369,Los Yeguerizos,Jaén,ES
23370,Orcera,Jaén,ES
23379,El Batan,Jaén,ES
23379,Segura De La Sierra,Jaén,ES
23380,Siles,Jaén,ES
23390,Benatae,Jaén,ES
23391,Torres De Albanchez,Jaén,ES
23392,Genave,Jaén,ES
23393,Onsares,Jaén,ES
23393,Villarrodrigo,Jaén,ES
23400,Ubeda,Jaén,ES
23410,Sabiote,Jaén,ES
23411,Yedra,Jaén,ES
23412,El Marmol,Jaén,ES
23413,Santa Eulalia,Jaén,ES
23420,Canena,Jaén,ES
23430,Rus,Jaén,ES
23440,Baeza,Jaén,ES
23450,Ibros,Jaén,ES
23460,Peal De Becerro,Jaén,ES
23468,Hornos De Peal,Jaén,ES
23469,El Molar,Jaén,ES
23469,Puente De La Cerrada,Jaén,ES
23469,San Miguel,Jaén,ES
23469,Valdecazorla,Jaén,ES
23470,Cazorla,Jaén,ES
23470,Cañada Del Moro,Jaén,ES
23476,La Iruela,Jaén,ES
23477,Chilluevar,Jaén,ES
23477,Chilluevar La Vieja,Jaén,ES
23477,Los Almansas,Jaén,ES
23478,Coto Rios,Jaén,ES
23478,Loma De Maria Angela,Jaén,ES
23479,Arroyo Frio (La Iruela),Jaén,ES
23479,Burunchel,Jaén,ES
23479,El Palomar,Jaén,ES
23479,San Martin,Jaén,ES
23479,Vadillo Castril,Jaén,ES
23480,Quesada,Jaén,ES
23485,El Almiceran,Jaén,ES
23485,Pozo Alcon,Jaén,ES
23486,Fontanar,Jaén,ES
23486,Hinojares,Jaén,ES
23487,Huesa,Jaén,ES
23488,Acra,Jaén,ES
23488,Bruñel Alto,Jaén,ES
23488,Bruñel Bajo,Jaén,ES
23488,Higueral,Jaén,ES
23488,Los Rosales,Jaén,ES
23489,Belerda Alta,Jaén,ES
23489,Belerda Baja,Jaén,ES
23489,Tiscar Don Pedro,Jaén,ES
23490,Linares-Baeza (Estacion),Jaén,ES
23499,Mira El Rio,Jaén,ES
23500,Jodar,Jaén,ES
23509,El Donadio,Jaén,ES
23510,Torreblascopedro,Jaén,ES
23519,Campillo Del Rio,Jaén,ES
23519,Guadalimar,Jaén,ES
23520,Begijar,Jaén,ES
23526,Sotogordo,Jaén,ES
23528,Lupion,Jaén,ES
23529,El Boticario,Jaén,ES
23529,Estacion De Begijar,Jaén,ES
23529,Puente Del Obispo,Jaén,ES
23529,Vados De Torralba,Jaén,ES
23530,Jimena,Jaén,ES
23537,Bedmar,Jaén,ES
23538,Albanchez De Magina,Jaén,ES
23539,Garciez,Jaén,ES
23539,Las Escuelas,Jaén,ES
23540,Torres,Jaén,ES
23550,Cabra De Santo Cristo,Jaén,ES
23560,Huelma,Jaén,ES
23568,Belmez De La Moraleda,Jaén,ES
23569,La Cabrita,Jaén,ES
23569,Las Capellanias,Jaén,ES
23569,Solera,Jaén,ES
23590,Cabra De Santo Cristo (Estacion),Jaén,ES
23591,Larva,Jaén,ES
23600,Martos,Jaén,ES
23610,Fuensanta De Martos,Jaén,ES
23611,Higuera De Calatrava,Jaén,ES
23612,Santiago De Calatrava,Jaén,ES
23613,Lendinez,Jaén,ES
23614,La Carrasca,Jaén,ES
23614,Las Casillas De Martos,Jaén,ES
23615,Media Panilla,Jaén,ES
23615,Monte Lope Alvarez,Jaén,ES
23616,Veletas,Jaén,ES
23620,Mengibar,Jaén,ES
23628,Cazalilla,Jaén,ES
23628,Espeluy,Jaén,ES
23630,Villargordo,Jaén,ES
23638,Torrequebradilla,Jaén,ES
23639,Las Infantas,Jaén,ES
23639,Villargordo (Estacion),Jaén,ES
23640,Torre Del Campo,Jaén,ES
23649,Garciez (Torre Del Campo),Jaén,ES
23650,Torredonjimeno,Jaén,ES
23657,Escañuela,Jaén,ES
23658,Jamilena,Jaén,ES
23659,Villardompardo,Jaén,ES
23660,Alcaudete,Jaén,ES
23669,"Bobadilla, La (Alcaudete)",Jaén,ES
23669,Noguerones,Jaén,ES
23669,Venta De Pantalones,Jaén,ES
23670,Castillo De Locubin,Jaén,ES
23680,Alcala La Real,Jaén,ES
23684,La Rabita,Jaén,ES
23684,San Jose De La Rabita,Jaén,ES
23685,El Sabariego,Jaén,ES
23685,Las Grageras,Jaén,ES
23685,Puertollano,Jaén,ES
23686,Casillas De Mures,Jaén,ES
23686,"Ermita Nueva, Aldea",Jaén,ES
23686,Las Pilillas,Jaén,ES
23686,Mures,Jaén,ES
23687,Charilla,Jaén,ES
23688,La Pedriza,Jaén,ES
23688,Venta De Los Agramaderos,Jaén,ES
23689,Fuente Alamo,Jaén,ES
23689,Hortichuela,Jaén,ES
23689,Las Pilas De Fuente De Soto,Jaén,ES
23689,Peñas De Majalcoron,Jaén,ES
23690,Frailes,Jaén,ES
23691,Ribera Alta,Jaén,ES
23691,Ribera Baja,Jaén,ES
23692,Fuente Del Rey,Jaén,ES
23692,Santa Ana,Jaén,ES
23693,Ventas Del Carrizal,Jaén,ES
23700,Linares,Jaén,ES
23700,Vega Santa Maria (Linares),Jaén,ES
23710,Bailen,Jaén,ES
23711,Baños De La Encina,Jaén,ES
23712,Jabalquinto,Jaén,ES
23713,Guadalen,Jaén,ES
23713,Magdalena De Castro-Los Tercios,Jaén,ES
23730,Villanueva De La Reina,Jaén,ES
23740,Andujar,Jaén,ES
23746,Lahiguera,Jaén,ES
23747,La Ropera,Jaén,ES
23747,Llanos Del Sotillo,Jaén,ES
23747,Vegas De Triana,Jaén,ES
23748,"Virgen De La Cabeza, Santuario",Jaén,ES
23748,Viñas De Peñallana,Jaén,ES
23749,La Quinteria,Jaén,ES
23749,Los Villares De Andujar,Jaén,ES
23750,Arjonilla,Jaén,ES
23760,Arjona,Jaén,ES
23770,Marmolejo,Jaén,ES
23780,Lopera,Jaén,ES
23790,Porcuna,Jaén,ES
