placeID,row_idx
0,0
1,1
2,2
4,3
5,4
6,5
7,6
8,7
9,8
10,9
11,10
12,11
13,12
14,13
15,14
16,15
18,16
19,17
20,18
21,19
22,20
23,21
24,22
25,23
26,24
28,25
29,26
30,27
31,28
32,29
33,30
34,31
35,32
36,33
37,34
38,35
39,36
40,37
41,38
42,39
45,40
47,41
48,42
49,43
50,44
51,45
52,46
55,47
56,48
57,49
58,50
59,51
60,52
61,53
62,54
63,55
64,56
65,57
67,58
68,59
69,60
70,61
71,62
72,63
73,64
74,65
76,66
77,67
78,68
80,69
81,70
82,71
84,72
85,73
86,74
88,75
89,76
92,77
93,78
94,79
95,80
96,81
97,82
99,83
100,84
101,85
102,86
103,87
104,88
105,89
106,90
107,91
109,92
110,93
112,94
113,95
115,96
116,97
117,98
118,99
120,100
121,101
122,102
123,103
124,104
125,105
126,106
127,107
128,108
129,109
130,110
131,111
132,112
133,113
134,114
135,115
136,116
137,117
138,118
139,119
140,120
141,121
142,122
143,123
145,124
146,125
148,126
150,127
151,128
152,129
153,130
154,131
156,132
157,133
158,134
159,135
160,136
161,137
162,138
163,139
164,140
165,141
166,142
167,143
169,144
170,145
171,146
172,147
173,148
174,149
175,150
176,151
179,152
180,153
181,154
182,155
183,156
184,157
185,158
186,159
187,160
188,161
189,162
191,163
192,164
193,165
196,166
197,167
198,168
199,169
200,170
202,171
203,172
205,173
206,174
207,175
208,176
209,177
210,178
211,179
212,180
213,181
214,182
215,183
216,184
217,185
218,186
220,187
221,188
224,189
226,190
227,191
228,192
229,193
230,194
231,195
232,196
233,197
234,198
235,199
236,200
237,201
238,202
239,203
240,204
241,205
242,206
244,207
245,208
246,209
247,210
248,211
249,212
250,213
251,214
252,215
253,216
254,217
255,218
256,219
257,220
260,221
262,222
263,223
264,224
265,225
266,226
268,227
269,228
270,229
271,230
272,231
273,232
274,233
275,234
276,235
277,236
279,237
280,238
281,239
282,240
283,241
284,242
285,243
286,244
287,245
288,246
289,247
290,248
291,249
292,250
293,251
294,252
295,253
296,254
297,255
298,256
299,257
300,258
302,259
303,260
304,261
305,262
306,263
307,264
308,265
309,266
310,267
311,268
313,269
315,270
316,271
317,272
318,273
319,274
320,275
322,276
323,277
324,278
325,279
326,280
327,281
328,282
329,283
330,284
332,285
333,286
334,287
335,288
336,289
337,290
338,291
339,292
340,293
341,294
342,295
344,296
345,297
346,298
347,299
348,300
349,301
350,302
352,303
353,304
354,305
355,306
356,307
357,308
358,309
359,310
360,311
361,312
362,313
363,314
364,315
366,316
367,317
368,318
369,319
370,320
371,321
372,322
373,323
374,324
375,325
376,326
377,327
378,328
379,329
380,330
381,331
382,332
383,333
384,334
385,335
386,336
387,337
388,338
389,339
390,340
391,341
392,342
393,343
395,344
396,345
397,346
398,347
399,348
400,349
401,350
402,351
403,352
404,353
406,354
407,355
408,356
409,357
410,358
411,359
412,360
413,361
414,362
415,363
416,364
418,365
419,366
420,367
421,368
422,369
423,370
424,371
425,372
427,373
428,374
429,375
430,376
431,377
432,378
433,379
434,380
435,381
436,382
438,383
439,384
440,385
441,386
443,387
447,388
448,389
449,390
450,391
451,392
452,393
454,394
455,395
456,396
457,397
458,398
459,399
460,400
461,401
462,402
463,403
464,404
465,405
466,406
467,407
468,408
469,409
470,410
472,411
473,412
474,413
475,414
476,415
477,416
478,417
479,418
481,419
484,420
485,421
486,422
487,423
489,424
490,425
491,426
492,427
493,428
494,429
495,430
496,431
497,432
498,433
499,434
500,435
501,436
502,437
503,438
504,439
505,440
507,441
508,442
509,443
511,444
512,445
513,446
515,447
516,448
517,449
518,450
520,451
521,452
522,453
524,454
525,455
526,456
527,457
528,458
529,459
530,460
531,461
532,462
533,463
534,464
535,465
536,466
537,467
538,468
540,469
541,470
542,471
543,472
544,473
545,474
546,475
547,476
548,477
549,478
550,479
551,480
553,481
554,482
555,483
556,484
557,485
558,486
559,487
560,488
561,489
562,490
563,491
564,492
565,493
566,494
567,495
568,496
569,497
570,498
571,499
572,500
573,501
574,502
575,503
576,504
577,505
578,506
579,507
581,508
582,509
583,510
584,511
585,512
586,513
588,514
589,515
590,516
591,517
592,518
593,519
594,520
596,521
597,522
598,523
599,524
600,525
601,526
602,527
603,528
604,529
605,530
606,531
607,532
608,533
609,534
610,535
611,536
612,537
613,538
614,539
615,540
616,541
618,542
619,543
620,544
621,545
622,546
624,547
625,548
626,549
627,550
628,551
629,552
630,553
631,554
633,555
634,556
635,557
636,558
637,559
638,560
639,561
640,562
641,563
642,564
645,565
646,566
647,567
648,568
649,569
650,570
651,571
652,572
653,573
654,574
655,575
656,576
657,577
658,578
659,579
660,580
661,581
662,582
663,583
664,584
665,585
667,586
668,587
669,588
670,589
671,590
672,591
673,592
674,593
675,594
677,595
678,596
680,597
681,598
682,599
683,600
684,601
685,602
686,603
687,604
688,605
689,606
690,607
691,608
692,609
693,610
694,611
695,612
696,613
700,614
702,615
705,616
707,617
709,618
710,619
711,620
713,621
714,622
715,623
717,624
719,625
720,626
723,627
724,628
725,629
726,630
727,631
728,632
729,633
730,634
731,635
732,636
733,637
735,638
736,639
737,640
738,641
739,642
740,643
741,644
743,645
744,646
747,647
748,648
749,649
750,650
751,651
752,652
753,653
754,654
755,655
756,656
757,657
758,658
759,659
760,660
761,661
762,662
763,663
764,664
765,665
766,666
767,667
769,668
770,669
771,670
774,671
775,672
776,673
777,674
778,675
779,676
780,677
781,678
782,679
784,680
785,681
786,682
787,683
789,684
790,685
791,686
792,687
793,688
794,689
796,690
797,691
798,692
799,693
800,694
801,695
802,696
803,697
804,698
806,699
807,700
808,701
809,702
810,703
811,704
812,705
813,706
814,707
816,708
818,709
819,710
820,711
821,712
822,713
823,714
824,715
826,716
827,717
828,718
829,719
830,720
831,721
832,722
833,723
834,724
835,725
836,726
837,727
838,728
839,729
840,730
841,731
842,732
845,733
846,734
847,735
848,736
850,737
851,738
852,739
853,740
854,741
856,742
857,743
858,744
859,745
860,746
861,747
863,748
864,749
865,750
866,751
867,752
868,753
869,754
871,755
872,756
873,757
874,758
875,759
877,760
878,761
880,762
881,763
882,764
883,765
884,766
885,767
886,768
887,769
888,770
889,771
890,772
891,773
892,774
894,775
895,776
896,777
898,778
899,779
900,780
902,781
903,782
904,783
905,784
906,785
907,786
908,787
909,788
910,789
911,790
912,791
914,792
915,793
916,794
918,795
919,796
922,797
923,798
924,799
925,800
927,801
928,802
929,803
931,804
932,805
933,806
934,807
936,808
937,809
938,810
939,811
941,812
942,813
943,814
944,815
945,816
946,817
947,818
948,819
949,820
950,821
951,822
952,823
953,824
954,825
955,826
956,827
957,828
958,829
959,830
960,831
962,832
963,833
964,834
965,835
966,836
967,837
969,838
970,839
971,840
972,841
973,842
974,843
975,844
976,845
977,846
978,847
979,848
980,849
981,850
982,851
983,852
984,853
985,854
986,855
988,856
989,857
990,858
991,859
993,860
994,861
995,862
996,863
997,864
998,865
1000,866
1001,867
1002,868
1003,869
1006,870
1007,871
1010,872
1011,873
1012,874
1013,875
1014,876
1015,877
1018,878
1019,879
1020,880
1021,881
1023,882
1024,883
1025,884
1026,885
1027,886
1028,887
1029,888
1030,889
1031,890
1032,891
1033,892
1034,893
1035,894
1036,895
1039,896
1040,897
1041,898
1043,899
1044,900
1045,901
1046,902
1047,903
1048,904
1049,905
1050,906
1051,907
1052,908
1053,909
1054,910
1056,911
1057,912
1058,913
1059,914
1060,915
1061,916
1062,917
1063,918
1064,919
1065,920
1067,921
1068,922
1069,923
1070,924
1071,925
1074,926
1075,927
1076,928
1077,929
1078,930
1079,931
1080,932
1081,933
1082,934
1083,935
1084,936
1085,937
1086,938
1087,939
1088,940
1089,941
1090,942
1091,943
1092,944
1093,945
1094,946
1095,947
1097,948
1098,949
1099,950
1100,951
1101,952
1102,953
1103,954
1104,955
1105,956
1106,957
1107,958
1108,959
1109,960
1110,961
1111,962
1112,963
1113,964
1114,965
1115,966
1116,967
1117,968
1118,969
1119,970
1120,971
1121,972
1122,973
1123,974
1124,975
1126,976
1127,977
1128,978
1129,979
1130,980
1131,981
1132,982
1133,983
1134,984
1135,985
1136,986
1138,987
1139,988
1141,989
1142,990
1143,991
1144,992
1145,993
1146,994
1148,995
1149,996
1153,997
1154,998
1155,999
1156,1000
1157,1001
1158,1002
1159,1003
1160,1004
1161,1005
1163,1006
1164,1007
1165,1008
1166,1009
1167,1010
1168,1011
1169,1012
1170,1013
1171,1014
1172,1015
1173,1016
1174,1017
1175,1018
1176,1019
1177,1020
1178,1021
1179,1022
1180,1023
1181,1024
1182,1025
1183,1026
1184,1027
1185,1028
1187,1029
1188,1030
1189,1031
1190,1032
1192,1033
1194,1034
1195,1035
1197,1036
1198,1037
1199,1038
1200,1039
1202,1040
1203,1041
1204,1042
1205,1043
1206,1044
1207,1045
1208,1046
1210,1047
1211,1048
1212,1049
1213,1050
1214,1051
1215,1052
1217,1053
1218,1054
1219,1055
1220,1056
1221,1057
1222,1058
1223,1059
1224,1060
1225,1061
1226,1062
1227,1063
1228,1064
1229,1065
1230,1066
1232,1067
1233,1068
1234,1069
1235,1070
1236,1071
1238,1072
1239,1073
1240,1074
1241,1075
1242,1076
1244,1077
1245,1078
1247,1079
1248,1080
1249,1081
1250,1082
1251,1083
1252,1084
1253,1085
1254,1086
1257,1087
1258,1088
1259,1089
1261,1090
1262,1091
1263,1092
1264,1093
1265,1094
1266,1095
1268,1096
1269,1097
1270,1098
1272,1099
1273,1100
1274,1101
1275,1102
1276,1103
1277,1104
1278,1105
1279,1106
1280,1107
1281,1108
1282,1109
1283,1110
1284,1111
1285,1112
1286,1113
1287,1114
1288,1115
1290,1116
1291,1117
1292,1118
1293,1119
1294,1120
1295,1121
1296,1122
1297,1123
1298,1124
1299,1125
1300,1126
1301,1127
1302,1128
1303,1129
1304,1130
1305,1131
1306,1132
1307,1133
1309,1134
1310,1135
1311,1136
1312,1137
1313,1138
1314,1139
1315,1140
1316,1141
1317,1142
1318,1143
1319,1144
1320,1145
1321,1146
1322,1147
1323,1148
1324,1149
1325,1150
1326,1151
1327,1152
1329,1153
1331,1154
1332,1155
1333,1156
1334,1157
1335,1158
1336,1159
1337,1160
1338,1161
1340,1162
1341,1163
1342,1164
1343,1165
1344,1166
1345,1167
1346,1168
1347,1169
1348,1170
1349,1171
1350,1172
1351,1173
1353,1174
1354,1175
1355,1176
1357,1177
1358,1178
1359,1179
1360,1180
1361,1181
1363,1182
1364,1183
1365,1184
1367,1185
1368,1186
1369,1187
1370,1188
1371,1189
1372,1190
1373,1191
1374,1192
1375,1193
1376,1194
1377,1195
1378,1196
1379,1197
1380,1198
1381,1199
1382,1200
1383,1201
1386,1202
1387,1203
1389,1204
1390,1205
1391,1206
1392,1207
1393,1208
1394,1209
1395,1210
1396,1211
1397,1212
1398,1213
1399,1214
1400,1215
1403,1216
1404,1217
1405,1218
1406,1219
1407,1220
1408,1221
1410,1222
1411,1223
1412,1224
1413,1225
1414,1226
1415,1227
1416,1228
1417,1229
1418,1230
1419,1231
1420,1232
1421,1233
1422,1234
1423,1235
1424,1236
1426,1237
1427,1238
1428,1239
1429,1240
1430,1241
1431,1242
1432,1243
1433,1244
1437,1245
1438,1246
1439,1247
1441,1248
1443,1249
1445,1250
1446,1251
1448,1252
1449,1253
1450,1254
1451,1255
1452,1256
1453,1257
1454,1258
1455,1259
1456,1260
1457,1261
1459,1262
1460,1263
1461,1264
1462,1265
1463,1266
1464,1267
1465,1268
1466,1269
1467,1270
1468,1271
1469,1272
1470,1273
1471,1274
1472,1275
1473,1276
1474,1277
1475,1278
1476,1279
1477,1280
1478,1281
1480,1282
1481,1283
1482,1284
1483,1285
1484,1286
1485,1287
1486,1288
1487,1289
1488,1290
1490,1291
1491,1292
1492,1293
1493,1294
1495,1295
1496,1296
1497,1297
1500,1298
1501,1299
1502,1300
1504,1301
1505,1302
1506,1303
1507,1304
1508,1305
1509,1306
1510,1307
1511,1308
1513,1309
1514,1310
1515,1311
1516,1312
1519,1313
1520,1314
1521,1315
1522,1316
1524,1317
1525,1318
1526,1319
1527,1320
1528,1321
1530,1322
1531,1323
1532,1324
1533,1325
1534,1326
1535,1327
1536,1328
1537,1329
1538,1330
1539,1331
1540,1332
1541,1333
1542,1334
1543,1335
1544,1336
1545,1337
1546,1338
1547,1339
1548,1340
1549,1341
1550,1342
1551,1343
1552,1344
1553,1345
1554,1346
1555,1347
1556,1348
1557,1349
1558,1350
1560,1351
1562,1352
1563,1353
1564,1354
1565,1355
1567,1356
1568,1357
1570,1358
1571,1359
1573,1360
1574,1361
1575,1362
1576,1363
1577,1364
1578,1365
1579,1366
1580,1367
1581,1368
1582,1369
1583,1370
1584,1371
1585,1372
1586,1373
1587,1374
1588,1375
1589,1376
1592,1377
1593,1378
1594,1379
1596,1380
1597,1381
1599,1382
1600,1383
1601,1384
1602,1385
1604,1386
1605,1387
1606,1388
1607,1389
1608,1390
1609,1391
1610,1392
1611,1393
1612,1394
1613,1395
1614,1396
1615,1397
1616,1398
1617,1399
1618,1400
1619,1401
1621,1402
1622,1403
1623,1404
1624,1405
1625,1406
1626,1407
1627,1408
1628,1409
1629,1410
1630,1411
1631,1412
1632,1413
1633,1414
1634,1415
1635,1416
1636,1417
1637,1418
1638,1419
1640,1420
1641,1421
1642,1422
1643,1423
1645,1424
1646,1425
1647,1426
1648,1427
1650,1428
1651,1429
1652,1430
1653,1431
1654,1432
1655,1433
1656,1434
1657,1435
1658,1436
1660,1437
1661,1438
1662,1439
1663,1440
1664,1441
1665,1442
1666,1443
1667,1444
1668,1445
1669,1446
1670,1447
1671,1448
1672,1449
1673,1450
1674,1451
1675,1452
1677,1453
1678,1454
1679,1455
1680,1456
1681,1457
1682,1458
1683,1459
1684,1460
1685,1461
1686,1462
1687,1463
1689,1464
1690,1465
1691,1466
1692,1467
1693,1468
1694,1469
1695,1470
1696,1471
1697,1472
1698,1473
1699,1474
1700,1475
1701,1476
1702,1477
1703,1478
1704,1479
1705,1480
1706,1481
1707,1482
1708,1483
1709,1484
1713,1485
1714,1486
1715,1487
1716,1488
1717,1489
1718,1490
1719,1491
1720,1492
1721,1493
1722,1494
1723,1495
1724,1496
1725,1497
1726,1498
1727,1499
1728,1500
1729,1501
1730,1502
1731,1503
1732,1504
1733,1505
1734,1506
1736,1507
1737,1508
1738,1509
1739,1510
1740,1511
1741,1512
1742,1513
1743,1514
1744,1515
1745,1516
1747,1517
1748,1518
1749,1519
1750,1520
1751,1521
1752,1522
1753,1523
1754,1524
1755,1525
1756,1526
1757,1527
1758,1528
1759,1529
1760,1530
1761,1531
1762,1532
1763,1533
1764,1534
1765,1535
1766,1536
1767,1537
1768,1538
1769,1539
1771,1540
1772,1541
1773,1542
1774,1543
1776,1544
1778,1545
1779,1546
1780,1547
1781,1548
1782,1549
1783,1550
1784,1551
1785,1552
1786,1553
1787,1554
1788,1555
1789,1556
1790,1557
1791,1558
1792,1559
1793,1560
1794,1561
1796,1562
1798,1563
1801,1564
1802,1565
1803,1566
1804,1567
1805,1568
1806,1569
1807,1570
1808,1571
1809,1572
1810,1573
1811,1574
1812,1575
1813,1576
1814,1577
1815,1578
1816,1579
1818,1580
1819,1581
1820,1582
1821,1583
1822,1584
1823,1585
1824,1586
1825,1587
1826,1588
1827,1589
1828,1590
1830,1591
1833,1592
1834,1593
1835,1594
1836,1595
1837,1596
1838,1597
1839,1598
1840,1599
1841,1600
1842,1601
1843,1602
1844,1603
1845,1604
1846,1605
1847,1606
1848,1607
1850,1608
1851,1609
1852,1610
1854,1611
1855,1612
1856,1613
1857,1614
1858,1615
1859,1616
1861,1617
1862,1618
1863,1619
1864,1620
1866,1621
1867,1622
1868,1623
1870,1624
1871,1625
1872,1626
1873,1627
1874,1628
1875,1629
1876,1630
1877,1631
1878,1632
1879,1633
1880,1634
1881,1635
1882,1636
1883,1637
1884,1638
1885,1639
1886,1640
1887,1641
1888,1642
1889,1643
1890,1644
1891,1645
1892,1646
1893,1647
1895,1648
1896,1649
1976,1650
1977,1651
1978,1652
1983,1653
1984,1654
1985,1655
1987,1656
1910,1657
1902,1658
1905,1659
1906,1660
1907,1661
1897,1662
